Gegeneophis_carnosus	D	Hypogeophis_montanus
Hypogeophis_montanus	D	Gegeneophis_carnosus
Gegeneophis_orientalis	D	Hypogeophis_montanus
Hypogeophis_montanus	D	Gegeneophis_orientalis
Gegeneophis_seshachari	D	Hypogeophis_montanus
Hypogeophis_montanus	D	Gegeneophis_seshachari
Gegeneophis_danieli	D	Hypogeophis_montanus
Hypogeophis_montanus	D	Gegeneophis_danieli
Gegeneophis_goaensis	D	Hypogeophis_montanus
Hypogeophis_montanus	D	Gegeneophis_goaensis
Gegeneophis_mhadeiensis	D	Hypogeophis_montanus
Hypogeophis_montanus	D	Gegeneophis_mhadeiensis
Gegeneophis_madhavai	D	Hypogeophis_montanus
Hypogeophis_montanus	D	Gegeneophis_madhavai
Gegeneophis_pareshi	D	Hypogeophis_montanus
Hypogeophis_montanus	D	Gegeneophis_pareshi
Gegeneophis_krishni	D	Hypogeophis_montanus
Hypogeophis_montanus	D	Gegeneophis_krishni
Indotyphlus_battersbyi	D	Hypogeophis_montanus
Hypogeophis_montanus	D	Indotyphlus_battersbyi
Grandisonia_alternans	D	Hypogeophis_pti
Hypogeophis_pti	D	Grandisonia_alternans
Grandisonia_alternans	D	Hypogeophis_montanus
Hypogeophis_montanus	D	Grandisonia_alternans
Grandisonia_larvata	D	Hypogeophis_montanus
Hypogeophis_montanus	D	Grandisonia_larvata
Grandisonia_sechellensis	D	Hypogeophis_montanus
Hypogeophis_montanus	D	Grandisonia_sechellensis
Praslinia_cooperi	D	Hypogeophis_montanus
Hypogeophis_montanus	D	Praslinia_cooperi
Bombina_orientalis	NA	Bombina_orientalis
Leiopelma_archeyi	NA	Leiopelma_archeyi
Xenopus_laevis	NA	Xenopus_laevis
Andrias_davidianus	NA	Andrias_davidianus
Ranodon_sibiricus	NA	Ranodon_sibiricus
Lyciasalamandra_atifi	NA	Lyciasalamandra_atifi
Mus_musculus	NA	Mus_musculus
Anolis_carolinensis	NA	Anolis_carolinensis
Gallus_gallus	NA	Gallus_gallus
Latimeria_chalumnae	NA	Latimeria_chalumnae
Protopterus_annectens	NA	Protopterus_annectens
Caecilia_gracilis	NA	Caecilia_gracilis
Caecilia_tentaculata	NA	Caecilia_tentaculata
Caecilia_volcani	NA	Caecilia_volcani
Caecilia_volcani	C	Caecilia_thompsoni
Oscaecilia_ochrocephala	NA	Oscaecilia_ochrocephala
Atretochoana_eiselti	NA	Atretochoana_eiselti
Potomotyphlus_kaupii	NA	Potomotyphlus_kaupii
Typhlonectes_compressicauda	NA	Typhlonectes_compressicauda
Typhlonectes_natans	NA	Typhlonectes_natans
Chthonerpeton_indistinctum	NA	Chthonerpeton_indistinctum
Chthonerpeton_indistinctum	C	Chthonerpeton_viviparum
Dermophis_mexicanus	NA	Dermophis_mexicanus
Dermophis_oaxacae	NA	Dermophis_oaxacae
Gymnopis_multiplicata2	NA	Gymnopis_multiplicata2
Gymnopis_multiplicata2	C	Dermophis_parviceps
Gymnopis_multiplicata1	NA	Gymnopis_multiplicata1
Schistometopum_cf_gregorii	NA	Schistometopum_cf_gregorii
Schistometopum_gregorii	NA	Schistometopum_gregorii
Schistometopum_thomense	NA	Schistometopum_thomense
Gegeneophis_carnosus	NA	Gegeneophis_carnosus
Gegeneophis_orientalis	NA	Gegeneophis_orientalis
Gegeneophis_seshachari	NA	Gegeneophis_seshachari
Gegeneophis_ramaswamii	NA	Gegeneophis_ramaswamii
Gegeneophis_danieli	NA	Gegeneophis_danieli
Gegeneophis_goaensis	NA	Gegeneophis_goaensis
Gegeneophis_mhadeiensis	NA	Gegeneophis_mhadeiensis
Gegeneophis_madhavai	NA	Gegeneophis_madhavai
Gegeneophis_pareshi	NA	Gegeneophis_pareshi
Gegeneophis_krishni	NA	Gegeneophis_krishni
Indotyphlus_battersbyi	NA	Indotyphlus_battersbyi
Indotyphlus_battersbyi	E	Indotyphlus_maharashtraensis
Indotyphlus_maharashtraensis	NA	Indotyphlus_maharashtraensis
Indotyphlus_maharashtraensis	C	Indotyphlus_battersbyi
Grandisonia_alternans	NA	Grandisonia_alternans
Grandisonia_larvata	NA	Grandisonia_larvata
Grandisonia_sechellensis	NA	Grandisonia_sechellensis
Hypogeophis_rostratus	NA	Hypogeophis_rostratus
Hypogeophis_rostratus	C	Hypogeophis_montanus
Hypogeophis_brevis	NA	Hypogeophis_brevis
Hypogeophis_brevis	C	Hypogeophis_montanus
Praslinia_cooperi	NA	Praslinia_cooperi
Idiocranium_cf_russeli	NA	Idiocranium_cf_russeli
Luetkenotyphlus_brasiliensis	NA	Luetkenotyphlus_brasiliensis
Luetkenotyphlus_fredi	NA	Luetkenotyphlus_fredi
Siphonops_annulatus	NA	Siphonops_annulatus
Siphonops_paulensis	NA	Siphonops_paulensis
Microcaecilia_dermatophaga	NA	Microcaecilia_dermatophaga
Microcaecilia_sp	NA	Microcaecilia_sp
Microcaecilia_unicolor	NA	Microcaecilia_unicolor
Geotrypetes_seraphini	NA	Geotrypetes_seraphini
Scolecomorphus_uluguruensis	NA	Scolecomorphus_uluguruensis
Scolecomorphus_vittatus	NA	Scolecomorphus_vittatus
Scolecomorphus_vittatus	C	Scolecomorphus_kirkii
Boulengerula_cf_boulengeri	NA	Boulengerula_cf_boulengeri
Boulengerula_fischeri	NA	Boulengerula_fischeri
Boulengerula_changamwensis	NA	Boulengerula_changamwensis
Boulengerula_changamwensis	E	Boulengerula_uluguruensis
Boulengerula_uluguruensis	NA	Boulengerula_uluguruensis
Boulengerula_uluguruensis	C	Boulengerula_changamwensis
Boulengerula_niedeni	NA	Boulengerula_niedeni
Boulengerula_taitana	NA	Boulengerula_taitana
Herpele_squalostoma	NA	Herpele_squalostoma
Chikila_fulleri	NA	Chikila_fulleri
Crotaphatrema_lamottei	NA	Crotaphatrema_lamottei
Crotaphatrema_tchabalmboensis	NA	Crotaphatrema_tchabalmboensis
Ichthyophis_asplenius	NA	Ichthyophis_asplenius
Ichthyophis_asplenius	C	Ichthyophis_biangularis
Ichthyophis_larutensis	NA	Ichthyophis_larutensis
Ichthyophis_kohtaoensis	NA	Ichthyophis_kohtaoensis
Ichthyophis_multicolor	NA	Ichthyophis_multicolor
Ichthyophis_tricolor	NA	Ichthyophis_tricolor
Ichthyophis_tricolor	C	Ichthyophis_longicephalus
Ichthyophis_biangularis	NA	Ichthyophis_biangularis
Ichthyophis_biangularis	E	Ichthyophis_asplenius
Ichthyophis_glutinosus	NA	Ichthyophis_glutinosus
Ichthyophis_glutinosus	C	Ichthyophis_orthoplicatus
Ichthyophis_orthoplicatus	NA	Ichthyophis_orthoplicatus
Ichthyophis_orthoplicatus	E	Ichthyophis_glutinosus
Uraeotyphlus_cf_oxyurus	NA	Uraeotyphlus_cf_oxyurus
Uraeotyphlus_narayani	NA	Uraeotyphlus_narayani
Uraeotyphlus_gansi	NA	Uraeotyphlus_gansi
Uraeotyphlus_bombayensis	NA	Uraeotyphlus_bombayensis
Epicrionops_marmoratus	NA	Epicrionops_marmoratus
Epicrionops_marmoratus	C	Epicrionops_parkeri
Rhinatrema_nigrum	NA	Rhinatrema_nigrum
Rhinatrema_bivittatum	NA	Rhinatrema_bivittatum
Rhinatrema_shiv	NA	Rhinatrema_shiv
Rhinatrema_uaiuai	NA	Rhinatrema_uaiuai
Rhinatrema_gilbertogili	NA	Rhinatrema_gilbertogili
Epicrionops_parkeri	NA	Epicrionops_parkeri
Epicrionops_parkeri	E	Epicrionops_marmoratus
Caecilia_isthmica	NA	Caecilia_isthmica
Caecilia_pulchraserrana	NA	Caecilia_pulchraserrana
Caecilia_thompsoni	NA	Caecilia_thompsoni
Caecilia_thompsoni	E	Caecilia_volcani
Chthonerpeton_viviparum	NA	Chthonerpeton_viviparum
Chthonerpeton_viviparum	E	Chthonerpeton_indistinctum
Boulengerula_boulengeri	NA	Boulengerula_boulengeri
Dermophis_parviceps	NA	Dermophis_parviceps
Dermophis_parviceps	E	Gymnopis_multiplicata2
Microcaecilia_nicefori	NA	Microcaecilia_nicefori
Luetkenotyphlus_insulanus	NA	Luetkenotyphlus_insulanus
Siphonops_hardyi	NA	Siphonops_hardyi
Brasilotyphlus_dubium	NA	Brasilotyphlus_dubium
Brasilotyphlus_dubium	B	Brasilotyphlus_guarantanus
Brasilotyphlus_guarantanus	NA	Brasilotyphlus_guarantanus
Brasilotyphlus_guarantanus	B	Brasilotyphlus_dubium
Hypogeophis_pti	NA	Hypogeophis_pti
Hypogeophis_pti	C	Hypogeophis_montanus
Scolecomorphus_kirkii	NA	Scolecomorphus_kirkii
Scolecomorphus_kirkii	E	Scolecomorphus_vittatus
Ichthyophis_longicephalus	NA	Ichthyophis_longicephalus
Ichthyophis_longicephalus	E	Ichthyophis_tricolor
Hypogeophis_montanus	NA	Hypogeophis_montanus
Hypogeophis_montanus	E	Hypogeophis_rostratus
Hypogeophis_montanus	E	Hypogeophis_brevis
Hypogeophis_montanus	E	Hypogeophis_pti
Ichthyophis_cardamomensis	NA	Ichthyophis_cardamomensis
Ichthyophis_cardamomensis	B	Ichthyophis_nguyenorum
Ichthyophis_nguyenorum	NA	Ichthyophis_nguyenorum
Ichthyophis_nguyenorum	B	Ichthyophis_cardamomensis
Ichthyophis_supachaii	NA	Ichthyophis_supachaii
Ichthyophis_catlocensis	NA	Ichthyophis_catlocensis
Ichthyophis_chaloensis	NA	Ichthyophis_chaloensis
